{
  "福建福州国家森林公园": [
    119.292692,
    26.167879
  ],
  "福州站": [
    119.326653,
    26.119901
  ],
  "福州南站": [
    119.396881,
    25.991018
  ],
  "永泰站": [
    118.940436,
    25.854677
  ],
  "漳州站": [
    117.722529,
    24.464216
  ],
  "厦门北站": [
    118.080271,
    24.642751
  ],
  "厦门站": [
    118.122383,
    24.473688
  ],
  "三明北站": [
    117.814048,
    26.382113
  ],
  "泰宁站": [
    117.159597,
    26.932565
  ],
  "福鼎站": [
    120.195367,
    27.288366
  ],
  "福清站": [
    119.391599,
    25.680684
  ],
  "连江站": [
    119.573739,
    26.199715
  ],
  "延平站": [
    118.279461,
    26.595173
  ],
  "平潭站": [
    119.786961,
    25.551899
  ],
  "武夷山北站": [
    118.050572,
    27.781286
  ],
  "晋江站": [
    118.465573,
    24.796296
  ]
}